{
  "generated_at_utc": "2026-03-09T14:54:52.088903+00:00",
  "input": "data_pipeline/input/berlin-routing.osm.json",
  "binary_output": "data_pipeline/output/graph-walk.bin",
  "binary_size_bytes": 26215476,
  "before_node_count": 1240433,
  "before_edge_count": 2764670,
  "after_node_count": 572987,
  "after_edge_count": 1420635,
  "constraint_tag_presence": {
    "access": 44353,
    "foot": 57095,
    "oneway": 49610,
    "oneway:foot": 7,
    "bicycle": 32244,
    "cycleway": 6987,
    "oneway:bicycle": 4009,
    "motor_vehicle": 6146,
    "vehicle": 3788,
    "sidewalk": 22211,
    "junction": 184,
    "service": 88616,
    "surface": 310577,
    "tracktype": 5622,
    "maxspeed": 89856,
    "maxspeed:forward": 124,
    "maxspeed:backward": 113
  },
  "constraint_tag_coverage_ratio": {
    "access": 0.10106020593469241,
    "foot": 0.1300933974667162,
    "oneway": 0.11303850509368228,
    "oneway:foot": 1.594979914645789e-05,
    "bicycle": 0.07346933195405546,
    "cycleway": 0.015920178090900183,
    "oneway:bicycle": 0.009134677825449956,
    "motor_vehicle": 0.01400392365059003,
    "vehicle": 0.008631119880968928,
    "sidewalk": 0.05060871269171089,
    "junction": 0.0004192518632783217,
    "service": 0.20191534302321607,
    "surface": 0.707662967072779,
    "tracktype": 0.012809967257340895,
    "maxspeed": 0.20474073601487433,
    "maxspeed:forward": 0.0002825392991658255,
    "maxspeed:backward": 0.0002574753290785345
  },
  "edge_mode_mask_counts": {
    "7": 597826,
    "1": 699025,
    "3": 118436,
    "5": 5348
  },
  "edge_mode_counts": {
    "walk": 1420635,
    "bike": 716262,
    "car": 603174
  },
  "edge_mode_coverage_ratio": {
    "walk": 1.0,
    "bike": 0.5041843964142795,
    "car": 0.4245805572860024
  },
  "header": {
    "magic": "0x49534F43",
    "version": 2,
    "flags": 0,
    "n_nodes": 572987,
    "n_edges": 1420635,
    "n_stops": 0,
    "n_tedges": 0,
    "origin_easting": 370035.4331555407,
    "origin_northing": 5799762.899206582,
    "epsg_code": 25833,
    "grid_width_px": 4575,
    "grid_height_px": 3743,
    "pixel_size_m": 10.0,
    "node_table_offset": 64,
    "edge_table_offset": 9167856,
    "stop_table_offset": 26215476
  }
}
