{
  "generated_at_utc": "2026-04-04T14:44:03.837904+00:00",
  "input": "/Users/benwheatley/Documents/Code/Isochrone/data_pipeline/input/paris-routing.osm.json",
  "binary_output": "/Users/benwheatley/Documents/Code/Isochrone/data_pipeline/output/paris-graph.bin",
  "binary_size_bytes": 7524816,
  "before_node_count": 437883,
  "before_edge_count": 1023353,
  "after_node_count": 149054,
  "after_edge_count": 428324,
  "constraint_tag_presence": {
    "access": 7054,
    "foot": 4122,
    "oneway": 18710,
    "oneway:foot": 57,
    "bicycle": 5426,
    "cycleway": 6280,
    "oneway:bicycle": 5887,
    "motor_vehicle": 2363,
    "vehicle": 46,
    "sidewalk": 3648,
    "junction": 435,
    "service": 2789,
    "surface": 89151,
    "tracktype": 527,
    "maxspeed": 16586,
    "maxspeed:forward": 0,
    "maxspeed:backward": 0
  },
  "constraint_tag_coverage_ratio": {
    "access": 0.05308668919376566,
    "foot": 0.03102116995416814,
    "oneway": 0.14080691165513973,
    "oneway:foot": 0.0004289681434710296,
    "bicycle": 0.04083475695568082,
    "cycleway": 0.04726175335084326,
    "oneway:bicycle": 0.044304130887964054,
    "motor_vehicle": 0.017783363561790225,
    "vehicle": 0.0003461848175380239,
    "sidewalk": 0.027453961182145895,
    "junction": 0.003273704252805226,
    "service": 0.02098933600246845,
    "surface": 0.6709287536593993,
    "tracktype": 0.003966073887881273,
    "maxspeed": 0.12482220399316661,
    "maxspeed:forward": 0.0,
    "maxspeed:backward": 0.0
  },
  "edge_mode_mask_counts": {
    "7": 96718,
    "1": 299678,
    "3": 27984,
    "5": 3944
  },
  "edge_mode_counts": {
    "walk": 428324,
    "bike": 124702,
    "car": 100662
  },
  "edge_mode_coverage_ratio": {
    "walk": 1.0,
    "bike": 0.2911394178238903,
    "car": 0.2350136812319646
  },
  "header": {
    "magic": "0x49534F43",
    "version": 2,
    "flags": 0,
    "n_nodes": 149054,
    "n_edges": 428324,
    "n_stops": 0,
    "n_tedges": 0,
    "origin_easting": 643157.1703888264,
    "origin_northing": 6857418.881292304,
    "epsg_code": 2154,
    "grid_width_px": 1802,
    "grid_height_px": 1041,
    "pixel_size_m": 10.0,
    "node_table_offset": 64,
    "edge_table_offset": 2384928,
    "stop_table_offset": 7524816
  }
}
