{
  "generatedAtIso": "2026-03-12T20:58:02.114Z",
  "graphPath": "/Users/benwheatley/Documents/Code/Isochrone/data_pipeline/output/graph-walk.bin",
  "graphStats": {
    "nNodes": 572987,
    "nEdges": 1420635,
    "epsgCode": 25833
  },
  "sampleCountRequested": 36,
  "seed": 1337,
  "results": [
    {
      "requestedMode": "walk",
      "modeMask": 1,
      "modeLabel": "walk",
      "sampleStats": {
        "nodeIndices": [
          432161,
          314856,
          157281,
          90960,
          366848,
          307433,
          378120,
          189908,
          388086,
          391960,
          272119,
          363555,
          338698,
          154999,
          291165,
          25131,
          287308,
          70283,
          557614,
          553997,
          162586,
          109870,
          555413,
          183094,
          70797,
          160563,
          195258,
          486451,
          107850,
          262737,
          332102,
          297043,
          435460,
          543265,
          309061,
          557377
        ],
        "requestedSampleCount": 36,
        "deliveredSampleCount": 36,
        "attempts": 46
      },
      "strategyResults": [
        {
          "runCount": 36,
          "heapStrategy": "decrease-key",
          "allowedModeMask": 1,
          "totalSettledNodes": 17229960,
          "wallMs": {
            "count": 36,
            "min": 303.1722090244293,
            "max": 459.60441613197327,
            "mean": 355.3755693965488,
            "p50": 334.0069589614868,
            "p95": 447.55949997901917,
            "p99": 447.9793748855591
          },
          "setupWallMs": {
            "count": 36,
            "min": 1.798583984375,
            "max": 4.907750129699707,
            "mean": 2.8049814767307706,
            "p50": 2.6291251182556152,
            "p95": 4.064500093460083,
            "p99": 4.484209060668945
          },
          "expandWallMs": {
            "count": 36,
            "min": 300.23337507247925,
            "max": 454.3441250324249,
            "mean": 352.49110878176157,
            "p50": 331.95125007629395,
            "p95": 444.00241708755493,
            "p99": 444.82424998283386
          },
          "settledNodeCount": {
            "count": 36,
            "min": 478610,
            "max": 478610,
            "mean": 478610,
            "p50": 478610,
            "p95": 478610,
            "p99": 478610
          },
          "msPerSettledNode": 0.0007364892266809336,
          "cpuMs": {
            "count": 36,
            "min": 292.025,
            "max": 462.888,
            "mean": 322.1436944444444,
            "p50": 308.584,
            "p95": 354.708,
            "p99": 386.741
          },
          "setupCpuMs": {
            "count": 36,
            "min": 1.8,
            "max": 10.943,
            "mean": 2.9190833333333326,
            "p50": 2.529,
            "p95": 4.526,
            "p99": 6.2
          },
          "expandCpuMs": {
            "count": 36,
            "min": 289.095,
            "max": 451.752,
            "mean": 319.1628055555555,
            "p50": 305.965,
            "p95": 351.473,
            "p99": 384.086
          }
        }
      ]
    },
    {
      "requestedMode": "bike",
      "modeMask": 2,
      "modeLabel": "bike",
      "sampleStats": {
        "nodeIndices": [
          432161,
          314856,
          90960,
          378120,
          189908,
          388086,
          272119,
          363555,
          338698,
          291165,
          25131,
          287308,
          70283,
          557614,
          553997,
          162586,
          109870,
          555413,
          70797,
          160563,
          486451,
          107850,
          262737,
          297043,
          435460,
          543265,
          309061,
          557377,
          237824,
          310475,
          534303,
          427945,
          285490,
          322201,
          84134,
          569811
        ],
        "requestedSampleCount": 36,
        "deliveredSampleCount": 36,
        "attempts": 70
      },
      "strategyResults": [
        {
          "runCount": 36,
          "heapStrategy": "decrease-key",
          "allowedModeMask": 2,
          "totalSettledNodes": 11136960,
          "wallMs": {
            "count": 36,
            "min": 200.2095000743866,
            "max": 321.31783294677734,
            "mean": 234.46778243780136,
            "p50": 219.66133308410645,
            "p95": 315.88320803642273,
            "p99": 317.21491718292236
          },
          "setupWallMs": {
            "count": 36,
            "min": 1.6217079162597656,
            "max": 3.5364160537719727,
            "mean": 2.4520903825759888,
            "p50": 2.4181251525878906,
            "p95": 3.4882497787475586,
            "p99": 3.5306670665740967
          },
          "expandWallMs": {
            "count": 36,
            "min": 198.14129209518433,
            "max": 319.58916687965393,
            "mean": 231.9700637459755,
            "p50": 217.13704180717468,
            "p95": 312.8402500152588,
            "p99": 314.8194999694824
          },
          "settledNodeCount": {
            "count": 36,
            "min": 309360,
            "max": 309360,
            "mean": 309360,
            "p50": 309360,
            "p95": 309360,
            "p99": 309360
          },
          "msPerSettledNode": 0.000749838582059657,
          "cpuMs": {
            "count": 36,
            "min": 190.87,
            "max": 314.309,
            "mean": 210.0997777777778,
            "p50": 204.268,
            "p95": 232.765,
            "p99": 281.906
          },
          "setupCpuMs": {
            "count": 36,
            "min": 1.337,
            "max": 8.383,
            "mean": 2.5441111111111114,
            "p50": 2.265,
            "p95": 5.083,
            "p99": 6.244
          },
          "expandCpuMs": {
            "count": 36,
            "min": 188.832,
            "max": 311.978,
            "mean": 207.52805555555554,
            "p50": 201.607,
            "p95": 231.392,
            "p99": 273.493
          }
        }
      ]
    },
    {
      "requestedMode": "car",
      "modeMask": 4,
      "modeLabel": "car",
      "sampleStats": {
        "nodeIndices": [
          432161,
          314856,
          90960,
          378120,
          189908,
          388086,
          338698,
          291165,
          70283,
          557614,
          553997,
          162586,
          109870,
          555413,
          160563,
          486451,
          107850,
          262737,
          435460,
          543265,
          309061,
          237824,
          310475,
          534303,
          427945,
          285490,
          84134,
          569811,
          222926,
          545126,
          446096,
          405592,
          285976,
          534337,
          355330,
          194007
        ],
        "requestedSampleCount": 36,
        "deliveredSampleCount": 36,
        "attempts": 84
      },
      "strategyResults": [
        {
          "runCount": 36,
          "heapStrategy": "decrease-key",
          "allowedModeMask": 4,
          "totalSettledNodes": 9843516,
          "wallMs": {
            "count": 36,
            "min": 178.70566701889038,
            "max": 264.87395906448364,
            "mean": 209.5808854367998,
            "p50": 209.22295784950256,
            "p95": 249.70929098129272,
            "p99": 252.4429590702057
          },
          "setupWallMs": {
            "count": 36,
            "min": 1.7040839195251465,
            "max": 3.575709104537964,
            "mean": 2.420737233426836,
            "p50": 2.3652079105377197,
            "p95": 3.049041986465454,
            "p99": 3.0500409603118896
          },
          "expandWallMs": {
            "count": 36,
            "min": 176.3470001220703,