{
  "generatedAtIso": "2026-03-12T21:03:53.653Z",
  "graphPath": "/Users/benwheatley/Documents/Code/Isochrone/data_pipeline/output/graph-walk.bin",
  "graphStats": {
    "nNodes": 572987,
    "nEdges": 1420635,
    "epsgCode": 25833
  },
  "sampleCountRequested": 24,
  "seed": 1337,
  "results": [
    {
      "requestedMode": "walk",
      "modeMask": 1,
      "modeLabel": "walk",
      "sampleStats": {
        "nodeIndices": [
          432161,
          314856,
          157281,
          90960,
          366848,
          307433,
          378120,
          189908,
          388086,
          391960,
          272119,
          363555,
          338698,
          154999,
          291165,
          25131,
          287308,
          70283,
          557614,
          553997,
          162586,
          109870,
          555413,
          183094
        ],
        "requestedSampleCount": 24,
        "deliveredSampleCount": 24,
        "attempts": 33
      },
      "strategyResults": [
        {
          "runCount": 24,
          "heapStrategy": "duplicate-push",
          "allowedModeMask": 1,
          "totalSettledNodes": 11486640,
          "wallMs": {
            "count": 24,
            "min": 295.65154218673706,
            "max": 391.2730829715729,
            "mean": 317.267121553421,
            "p50": 307.9238748550415,
            "p95": 365.62687492370605,
            "p99": 388.61849999427795
          },
          "setupWallMs": {
            "count": 24,
            "min": 1.1808748245239258,
            "max": 6.195958137512207,
            "mean": 2.045071174701055,
            "p50": 1.6009578704833984,
            "p95": 3.1089999675750732,
            "p99": 3.292541980743408
          },
          "expandWallMs": {
            "count": 24,
            "min": 294.30254197120667,
            "max": 386.90387511253357,
            "mean": 315.15007283290225,
            "p50": 306.3029999732971,
            "p95": 363.9499578475952,
            "p99": 384.8114161491394
          },
          "settledNodeCount": {
            "count": 24,
            "min": 478610,
            "max": 478610,
            "mean": 478610,
            "p50": 478610,
            "p95": 478610,
            "p99": 478610
          },
          "msPerSettledNode": 0.0006584694695741883,
          "cpuMs": {
            "count": 24,
            "min": 282.394,
            "max": 428.215,
            "mean": 306.6276250000001,
            "p50": 294.061,
            "p95": 350.59,
            "p99": 391.211
          },
          "setupCpuMs": {
            "count": 24,
            "min": 1.182,
            "max": 9.473,
            "mean": 2.138083333333334,
            "p50": 1.606,
            "p95": 2.878,
            "p99": 3.379
          },
          "expandCpuMs": {
            "count": 24,
            "min": 280.875,
            "max": 418.133,
            "mean": 304.41641666666663,
            "p50": 292.456,
            "p95": 348.932,
            "p99": 389.493
          }
        }
      ]
    },
    {
      "requestedMode": "bike",
      "modeMask": 2,
      "modeLabel": "bike",
      "sampleStats": {
        "nodeIndices": [
          432161,
          314856,
          90960,
          378120,
          189908,
          388086,
          272119,
          363555,
          338698,
          291165,
          25131,
          287308,
          70283,
          557614,
          553997,
          162586,
          109870,
          555413,
          70797,
          160563,
          486451,
          107850,
          262737,
          297043
        ],
        "requestedSampleCount": 24,
        "deliveredSampleCount": 24,
        "attempts": 42
      },
      "strategyResults": [
        {
          "runCount": 24,
          "heapStrategy": "duplicate-push",
          "allowedModeMask": 2,
          "totalSettledNodes": 7424640,
          "wallMs": {
            "count": 24,
            "min": 174.7465000152588,
            "max": 317.38991594314575,
            "mean": 189.82255030671755,
            "p50": 182.94158291816711,
            "p95": 193.04495811462402,
            "p99": 243.4600830078125
          },
          "setupWallMs": {
            "count": 24,
            "min": 0.8320000171661377,
            "max": 4.328666925430298,
            "mean": 1.4652239382266998,
            "p50": 1.280750036239624,
            "p95": 2.006709098815918,
            "p99": 2.0994999408721924
          },
          "expandWallMs": {
            "count": 24,
            "min": 173.42466592788696,
            "max": 312.98658299446106,
            "mean": 188.32263887921968,
            "p50": 181.3131251335144,
            "p95": 192.1684160232544,
            "p99": 241.328125
          },
          "settledNodeCount": {
            "count": 24,
            "min": 309360,
            "max": 309360,
            "mean": 309360,
            "p50": 309360,
            "p95": 309360,
            "p99": 309360
          },
          "msPerSettledNode": 0.0006087491559323109,
          "cpuMs": {
            "count": 24,
            "min": 170.169,
            "max": 330.269,
            "mean": 185.326625,
            "p50": 176.696,
            "p95": 192.737,
            "p99": 243.217
          },
          "setupCpuMs": {
            "count": 24,
            "min": 0.832,
            "max": 4.115,
            "mean": 1.5544583333333335,
            "p50": 1.281,
            "p95": 3.078,
            "p99": 3.749
          },
          "expandCpuMs": {
            "count": 24,
            "min": 168.855,
            "max": 326.477,
            "mean": 183.74991666666668,
            "p50": 175.837,
            "p95": 189.632,
            "p99": 239.08
          }
        }
      ]
    },
    {
      "requestedMode": "car",
      "modeMask": 4,
      "modeLabel": "car",
      "sampleStats": {
        "nodeIndices": [
          432161,
          314856,
          90960,
          378120,
          189908,
          388086,
          338698,
          291165,
          70283,
          557614,
          553997,
          162586,
          109870,
          555413,
          160563,
          486451,
          107850,
          262737,
          435460,
          543265,
          309061,
          237824,
          310475,
          534303
        ],
        "requestedSampleCount": 24,
        "deliveredSampleCount": 24,
        "attempts": 50
      },
      "strategyResults": [
        {
          "runCount": 24,
          "heapStrategy": "duplicate-push",
          "allowedModeMask": 4,
          "totalSettledNodes": 6562344,
          "wallMs": {
            "count": 24,
            "min": 151.20820784568787,
            "max": 227.30883312225342,
            "mean": 165.16651370127997,
            "p50": 159.49900007247925,
            "p95": 180.61299991607666,
            "p99": 199.21341586112976
          },
          "setupWallMs": {
            "count": 24,
            "min": 0.795374870300293,
            "max": 3.11899995803833,
            "mean": 1.4065451622009277,
            "p50": 1.2417080402374268,
            "p95": 2.0707499980926514,
            "p99": 2.143083095550537
          },
          "expandWallMs": {
            "count": 24,
            "min": 149.86154198646545,
            "max": 225.35745906829834,
            "mean": 163.7230537633101,
            "p50": 158.25895810127258,
            "p95": 179.54129099845886,
            "p99": 196.0442090034485
          },
          "settledNodeCount": {
            "count": 24,
            "min": 273431,
            "max": 273431,
            "mean": 273431,
            "p50": 273431,
            "p95": 273431,
            "p99": 273431
          },
          "msPerSettledNode": 0.0005987728303056717,
          "cpuMs": {
            "count": 24,
            "min": 145.044,
            "max": 217.66,
            "mean": 158.73991666666663,
            "p50": 153.965,