{
  "generatedAtIso": "2026-03-12T20:58:02.115Z",
  "graphPath": "/Users/benwheatley/Documents/Code/Isochrone/data_pipeline/output/graph-walk.bin",
  "graphStats": {
    "nNodes": 572987,
    "nEdges": 1420635,
    "epsgCode": 25833
  },
  "sampleCountRequested": 36,
  "seed": 1337,
  "results": [
    {
      "requestedMode": "walk",
      "modeMask": 1,
      "modeLabel": "walk",
      "sampleStats": {
        "nodeIndices": [
          432161,
          314856,
          157281,
          90960,
          366848,
          307433,
          378120,
          189908,
          388086,
          391960,
          272119,
          363555,
          338698,
          154999,
          291165,
          25131,
          287308,
          70283,
          557614,
          553997,
          162586,
          109870,
          555413,
          183094,
          70797,
          160563,
          195258,
          486451,
          107850,
          262737,
          332102,
          297043,
          435460,
          543265,
          309061,
          557377
        ],
        "requestedSampleCount": 36,
        "deliveredSampleCount": 36,
        "attempts": 46
      },
      "strategyResults": [
        {
          "runCount": 36,
          "heapStrategy": "duplicate-push",
          "allowedModeMask": 1,
          "totalSettledNodes": 17229960,
          "wallMs": {
            "count": 36,
            "min": 294.32387495040894,
            "max": 486.0095829963684,
            "mean": 342.780662006802,
            "p50": 330.48133301734924,
            "p95": 413.19545888900757,
            "p99": 417.9290418624878
          },
          "setupWallMs": {
            "count": 36,
            "min": 0.9175419807434082,
            "max": 12.01449990272522,
            "mean": 2.202594902780321,
            "p50": 1.6246249675750732,
            "p95": 4.401624917984009,
            "p99": 4.446708917617798
          },
          "expandWallMs": {
            "count": 36,
            "min": 292.54416680336,
            "max": 481.7442090511322,
            "mean": 340.507417804665,
            "p50": 328.9068329334259,
            "p95": 410.17845916748047,
            "p99": 413.3631670475006
          },
          "settledNodeCount": {
            "count": 36,
            "min": 478610,
            "max": 478610,
            "mean": 478610,
            "p50": 478610,
            "p95": 478610,
            "p99": 478610
          },
          "msPerSettledNode": 0.0007114506964013812,
          "cpuMs": {
            "count": 36,
            "min": 282.659,
            "max": 439.275,
            "mean": 309.00252777777786,
            "p50": 301.358,
            "p95": 339.908,
            "p99": 386.084
          },
          "setupCpuMs": {
            "count": 36,
            "min": 0.925,
            "max": 7.565,
            "mean": 1.9441111111111116,
            "p50": 1.589,
            "p95": 3.371,
            "p99": 3.804
          },
          "expandCpuMs": {
            "count": 36,
            "min": 280.894,
            "max": 431.185,
            "mean": 306.9996388888888,
            "p50": 300.045,
            "p95": 338.3,
            "p99": 384.34
          }
        }
      ]
    },
    {
      "requestedMode": "bike",
      "modeMask": 2,
      "modeLabel": "bike",
      "sampleStats": {
        "nodeIndices": [
          432161,
          314856,
          90960,
          378120,
          189908,
          388086,
          272119,
          363555,
          338698,
          291165,
          25131,
          287308,
          70283,
          557614,
          553997,
          162586,
          109870,
          555413,
          70797,
          160563,
          486451,
          107850,
          262737,
          297043,
          435460,
          543265,
          309061,
          557377,
          237824,
          310475,
          534303,
          427945,
          285490,
          322201,
          84134,
          569811
        ],
        "requestedSampleCount": 36,
        "deliveredSampleCount": 36,
        "attempts": 70
      },
      "strategyResults": [
        {
          "runCount": 36,
          "heapStrategy": "duplicate-push",
          "allowedModeMask": 2,
          "totalSettledNodes": 11136960,
          "wallMs": {
            "count": 36,
            "min": 186.85129189491272,
            "max": 302.4087917804718,
            "mean": 217.13642941580878,
            "p50": 203.03537511825562,
            "p95": 278.44170784950256,
            "p99": 298.6073749065399
          },
          "setupWallMs": {
            "count": 36,
            "min": 0.795166015625,
            "max": 5.443042039871216,
            "mean": 1.5467568503485785,
            "p50": 1.2320830821990967,
            "p95": 2.5557079315185547,
            "p99": 4.763666152954102
          },
          "expandWallMs": {
            "count": 36,
            "min": 185.44808316230774,
            "max": 301.41508316993713,
            "mean": 215.5441227025456,
            "p50": 202.14674997329712,
            "p95": 273.63304114341736,
            "p99": 297.04562497138977
          },
          "settledNodeCount": {
            "count": 36,
            "min": 309360,
            "max": 309360,
            "mean": 309360,
            "p50": 309360,
            "p95": 309360,
            "p99": 309360
          },
          "msPerSettledNode": 0.0006967420568352263,
          "cpuMs": {
            "count": 36,
            "min": 176.085,
            "max": 310.192,
            "mean": 195.92419444444445,
            "p50": 189.206,
            "p95": 218.191,
            "p99": 238.254
          },
          "setupCpuMs": {
            "count": 36,
            "min": 0.792,
            "max": 9.188,
            "mean": 1.5150833333333336,
            "p50": 1.226,
            "p95": 1.77,
            "p99": 3.072
          },
          "expandCpuMs": {
            "count": 36,
            "min": 174.761,
            "max": 308.834,
            "mean": 194.37930555555553,
            "p50": 186.67,
            "p95": 216.515,
            "p99": 236.773
          }
        }
      ]
    },
    {
      "requestedMode": "car",
      "modeMask": 4,
      "modeLabel": "car",
      "sampleStats": {
        "nodeIndices": [
          432161,
          314856,
          90960,
          378120,
          189908,
          388086,
          338698,
          291165,
          70283,
          557614,
          553997,
          162586,
          109870,
          555413,
          160563,
          486451,
          107850,
          262737,
          435460,
          543265,
          309061,
          237824,
          310475,
          534303,
          427945,
          285490,
          84134,
          569811,
          222926,
          545126,
          446096,
          405592,
          285976,
          534337,
          355330,
          194007
        ],
        "requestedSampleCount": 36,
        "deliveredSampleCount": 36,
        "attempts": 84
      },
      "strategyResults": [
        {
          "runCount": 36,
          "heapStrategy": "duplicate-push",
          "allowedModeMask": 4,
          "totalSettledNodes": 9843516,
          "wallMs": {
            "count": 36,
            "min": 165.39083313941956,
            "max": 283.1225001811981,
            "mean": 193.827457288901,
            "p50": 189.0578339099884,
            "p95": 229.4809169769287,
            "p99": 243.1652910709381
          },
          "setupWallMs": {
            "count": 36,
            "min": 0.8096249103546143,
            "max": 2.274749994277954,
            "mean": 1.5623252987861633,
            "p50": 1.5509998798370361,
            "p95": 2.2326250076293945,
            "p99": 2.2437078952789307
          },
          "expandWallMs": {
            "count": 36,
            "min": 163.8055419921875,