{
  "generatedAtIso": "2026-03-12T20:59:12.097Z",
  "graphPath": "/Users/benwheatley/Documents/Code/Isochrone/data_pipeline/output/graph-walk.bin",
  "graphStats": {
    "nNodes": 572987,
    "nEdges": 1420635,
    "epsgCode": 25833
  },
  "sampleCountRequested": 12,
  "seed": 1337,
  "results": [
    {
      "requestedMode": "car",
      "modeMask": 4,
      "modeLabel": "car",
      "sampleStats": {
        "nodeIndices": [
          432161,
          314856,
          90960,
          378120,
          189908,
          388086,
          338698,
          291165,
          70283,
          557614,
          553997,
          162586
        ],
        "requestedSampleCount": 12,
        "deliveredSampleCount": 12,
        "attempts": 27
      },
      "strategyResults": [
        {
          "runCount": 12,
          "heapStrategy": "decrease-key",
          "allowedModeMask": 4,
          "totalSettledNodes": 3281172,
          "wallMs": {
            "count": 12,
            "min": 168.2765829563141,
            "max": 252.88779091835022,
            "mean": 202.75042708714804,
            "p50": 191.70516705513,
            "p95": 239.15216612815857,
            "p99": 239.15216612815857
          },
          "setupWallMs": {
            "count": 12,
            "min": 2.14662504196167,
            "max": 5.393542051315308,
            "mean": 2.979191223780314,
            "p50": 2.6626670360565186,
            "p95": 3.7304580211639404,
            "p99": 3.7304580211639404
          },
          "expandWallMs": {
            "count": 12,
            "min": 165.68858289718628,
            "max": 250.66045880317688,
            "mean": 199.67434026797613,
            "p50": 187.87074995040894,
            "p95": 236.59020805358887,
            "p99": 236.59020805358887
          },
          "settledNodeCount": {
            "count": 12,
            "min": 273431,
            "max": 273431,
            "mean": 273431,
            "p50": 273431,
            "p95": 273431,
            "p99": 273431
          },
          "msPerSettledNode": 0.0007302549464690401,
          "cpuMs": {
            "count": 12,
            "min": 162.44,
            "max": 253.662,
            "mean": 200.65533333333335,
            "p50": 179.269,
            "p95": 244.99,
            "p99": 244.99
          },
          "setupCpuMs": {
            "count": 12,
            "min": 2.152,
            "max": 11.122,
            "mean": 3.5559166666666666,
            "p50": 2.667,
            "p95": 5.275,
            "p99": 5.275
          },
          "expandCpuMs": {
            "count": 12,
            "min": 159.867,
            "max": 242.482,
            "mean": 197.03733333333332,
            "p50": 176.406,
            "p95": 242.375,
            "p99": 242.375
          },
          "perRun": [
            {
              "sourceNodeIndex": 432161,
              "wallMs": 216.4939169883728,
              "setupWallMs": 5.393542051315308,
              "expandWallMs": 210.7607500553131,
              "cpuMs": 253.662,
              "setupCpuMs": 11.122,
              "expandCpuMs": 242.375,
              "settledNodeCount": 273431
            },
            {
              "sourceNodeIndex": 314856,
              "wallMs": 239.15216612815857,
              "setupWallMs": 2.4259591102600098,
              "expandWallMs": 236.59020805358887,
              "cpuMs": 244.99,
              "setupCpuMs": 2.404,
              "expandCpuMs": 242.482,
              "settledNodeCount": 273431
            },
            {
              "sourceNodeIndex": 90960,
              "wallMs": 252.88779091835022,
              "setupWallMs": 2.14662504196167,
              "expandWallMs": 250.66045880317688,
              "cpuMs": 238.663,
              "setupCpuMs": 2.152,
              "expandCpuMs": 236.456,
              "settledNodeCount": 273431
            },
            {
              "sourceNodeIndex": 378120,
              "wallMs": 236.56375002861023,
              "setupWallMs": 2.321625232696533,
              "expandWallMs": 234.14787483215332,
              "cpuMs": 200.585,
              "setupCpuMs": 2.21,
              "expandCpuMs": 198.309,
              "settledNodeCount": 273431
            },
            {
              "sourceNodeIndex": 189908,
              "wallMs": 191.70516705513,
              "setupWallMs": 3.7304580211639404,
              "expandWallMs": 187.87074995040894,
              "cpuMs": 179.269,
              "setupCpuMs": 2.79,
              "expandCpuMs": 176.406,
              "settledNodeCount": 273431
            },
            {
              "sourceNodeIndex": 388086,
              "wallMs": 185.70475006103516,
              "setupWallMs": 3.049833059310913,
              "expandWallMs": 182.55337476730347,
              "cpuMs": 176.408,
              "setupCpuMs": 3.023,
              "expandCpuMs": 173.307,
              "settledNodeCount": 273431
            },
            {
              "sourceNodeIndex": 338698,
              "wallMs": 209.72054195404053,
              "setupWallMs": 2.6626670360565186,
              "expandWallMs": 207.01049995422363,
              "cpuMs": 240.115,
              "setupCpuMs": 2.667,
              "expandCpuMs": 237.415,
              "settledNodeCount": 273431
            },
            {
              "sourceNodeIndex": 291165,
              "wallMs": 177.92812490463257,
              "setupWallMs": 2.9477920532226562,
              "expandWallMs": 174.94074988365173,
              "cpuMs": 176.562,
              "setupCpuMs": 2.951,
              "expandCpuMs": 173.586,
              "settledNodeCount": 273431
            },
            {
              "sourceNodeIndex": 70283,
              "wallMs": 179.344083070755,
              "setupWallMs": 2.6368749141693115,
              "expandWallMs": 176.64329195022583,
              "cpuMs": 169.74,
              "setupCpuMs": 2.587,
              "expandCpuMs": 167.113,
              "settledNodeCount": 273431
            },
            {
              "sourceNodeIndex": 557614,
              "wallMs": 168.2765829563141,
              "setupWallMs": 2.5432090759277344,
              "expandWallMs": 165.68858289718628,
              "cpuMs": 162.44,
              "setupCpuMs": 2.546,
              "expandCpuMs": 159.867,
              "settledNodeCount": 273431
            },
            {
              "sourceNodeIndex": 553997,
              "wallMs": 180.24370908737183,
              "setupWallMs": 2.93654203414917,
              "expandWallMs": 177.2653751373291,
              "cpuMs": 174.125,
              "setupCpuMs": 2.944,
              "expandCpuMs": 171.157,
              "settledNodeCount": 273431
            },
            {
              "sourceNodeIndex": 162586,
              "wallMs": 194.98454189300537,
              "setupWallMs": 2.955167055130005,
              "expandWallMs": 191.96016693115234,
              "cpuMs": 191.305,
              "setupCpuMs": 5.275,
              "expandCpuMs": 185.975,
              "settledNodeCount": 273431
            }
          ]
        }
      ]
    }
  ]
}
