{
  "generatedAtIso": "2026-03-12T21:03:53.653Z",
  "graphPath": "/Users/benwheatley/Documents/Code/Isochrone/data_pipeline/output/graph-walk.bin",
  "graphStats": {
    "nNodes": 572987,
    "nEdges": 1420635,
    "epsgCode": 25833
  },
  "sampleCountRequested": 24,
  "seed": 1337,
  "results": [
    {
      "requestedMode": "walk",
      "modeMask": 1,
      "modeLabel": "walk",
      "sampleStats": {
        "nodeIndices": [
          432161,
          314856,
          157281,
          90960,
          366848,
          307433,
          378120,
          189908,
          388086,
          391960,
          272119,
          363555,
          338698,
          154999,
          291165,
          25131,
          287308,
          70283,
          557614,
          553997,
          162586,
          109870,
          555413,
          183094
        ],
        "requestedSampleCount": 24,
        "deliveredSampleCount": 24,
        "attempts": 33
      },
      "strategyResults": [
        {
          "runCount": 24,
          "heapStrategy": "decrease-key",
          "allowedModeMask": 1,
          "totalSettledNodes": 11486640,
          "wallMs": {
            "count": 24,
            "min": 307.07450008392334,
            "max": 408.324166059494,
            "mean": 329.9291510482629,
            "p50": 319.52970790863037,
            "p95": 375.41558384895325,
            "p99": 396.70008301734924
          },
          "setupWallMs": {
            "count": 24,
            "min": 2.0582921504974365,
            "max": 7.555042028427124,
            "mean": 2.947019269069036,
            "p50": 2.541459083557129,
            "p95": 3.7865419387817383,
            "p99": 4.776000022888184
          },
          "expandWallMs": {
            "count": 24,
            "min": 304.79120802879333,
            "max": 400.50887513160706,
            "mean": 326.90040612220764,
            "p50": 317.1686248779297,
            "p95": 372.80220794677734,
            "p99": 394.0812499523163
          },
          "settledNodeCount": {
            "count": 24,
            "min": 478610,
            "max": 478610,
            "mean": 478610,
            "p50": 478610,
            "p95": 478610,
            "p99": 478610
          },
          "msPerSettledNode": 0.0006830204260717654,
          "cpuMs": {
            "count": 24,
            "min": 294.714,
            "max": 460.615,
            "mean": 320.03820833333333,
            "p50": 306.819,
            "p95": 363.642,
            "p99": 398.069
          },
          "setupCpuMs": {
            "count": 24,
            "min": 2.058,
            "max": 14.016,
            "mean": 3.347041666666667,
            "p50": 2.545,
            "p95": 4.2,
            "p99": 7.708
          },
          "expandCpuMs": {
            "count": 24,
            "min": 292.553,
            "max": 446.44,
            "mean": 316.62937500000004,
            "p50": 304.413,
            "p95": 361.046,
            "p99": 395.456
          }
        }
      ]
    },
    {
      "requestedMode": "bike",
      "modeMask": 2,
      "modeLabel": "bike",
      "sampleStats": {
        "nodeIndices": [
          432161,
          314856,
          90960,
          378120,
          189908,
          388086,
          272119,
          363555,
          338698,
          291165,
          25131,
          287308,
          70283,
          557614,
          553997,
          162586,
          109870,
          555413,
          70797,
          160563,
          486451,
          107850,
          262737,
          297043
        ],
        "requestedSampleCount": 24,
        "deliveredSampleCount": 24,
        "attempts": 42
      },
      "strategyResults": [
        {
          "runCount": 24,
          "heapStrategy": "decrease-key",
          "allowedModeMask": 2,
          "totalSettledNodes": 7424640,
          "wallMs": {
            "count": 24,
            "min": 186.63266682624817,
            "max": 304.258749961853,
            "mean": 202.72634027401605,
            "p50": 195.85345888137817,
            "p95": 203.89837503433228,
            "p99": 261.7974591255188
          },
          "setupWallMs": {
            "count": 24,
            "min": 1.8163337707519531,
            "max": 5.293499946594238,
            "mean": 2.400777836640676,
            "p50": 2.255542039871216,
            "p95": 2.809000015258789,
            "p99": 3.039832830429077
          },
          "expandWallMs": {
            "count": 24,
            "min": 184.62975001335144,
            "max": 298.90383291244507,
            "mean": 200.28866335749626,
            "p50": 192.94870901107788,
            "p95": 201.04008293151855,
            "p99": 259.47583389282227
          },
          "settledNodeCount": {
            "count": 24,
            "min": 309360,
            "max": 309360,
            "mean": 309360,
            "p50": 309360,
            "p95": 309360,
            "p99": 309360
          },
          "msPerSettledNode": 0.0006474290902427471,
          "cpuMs": {
            "count": 24,
            "min": 182.346,
            "max": 315.06,
            "mean": 198.22566666666668,
            "p50": 191.506,
            "p95": 200.189,
            "p99": 249.803
          },
          "setupCpuMs": {
            "count": 24,
            "min": 1.818,
            "max": 8.881,
            "mean": 2.695583333333333,
            "p50": 2.174,
            "p95": 3.68,
            "p99": 5.483
          },
          "expandCpuMs": {
            "count": 24,
            "min": 180.35,
            "max": 309.542,
            "mean": 195.50670833333334,
            "p50": 189.011,
            "p95": 194.98,
            "p99": 247.49
          }
        }
      ]
    },
    {
      "requestedMode": "car",
      "modeMask": 4,
      "modeLabel": "car",
      "sampleStats": {
        "nodeIndices": [
          432161,
          314856,
          90960,
          378120,
          189908,
          388086,
          338698,
          291165,
          70283,
          557614,
          553997,
          162586,
          109870,
          555413,
          160563,
          486451,
          107850,
          262737,
          435460,
          543265,
          309061,
          237824,
          310475,
          534303
        ],
        "requestedSampleCount": 24,
        "deliveredSampleCount": 24,
        "attempts": 50
      },
      "strategyResults": [
        {
          "runCount": 24,
          "heapStrategy": "decrease-key",
          "allowedModeMask": 4,
          "totalSettledNodes": 6562344,
          "wallMs": {
            "count": 24,
            "min": 161.97295880317688,
            "max": 242.7222499847412,
            "mean": 182.21545315782228,
            "p50": 176.34741616249084,
            "p95": 204.76462507247925,
            "p99": 221.89050006866455
          },
          "setupWallMs": {
            "count": 24,
            "min": 1.501957893371582,
            "max": 3.9844589233398438,
            "mean": 2.1922482550144196,
            "p50": 2.0740411281585693,
            "p95": 2.966291904449463,
            "p99": 3.10841703414917
          },
          "expandWallMs": {
            "count": 24,
            "min": 159.80916595458984,
            "max": 240.45295906066895,
            "mean": 179.98601735631624,
            "p50": 174.390958070755,
            "p95": 202.37804102897644,
            "p99": 217.85541605949402
          },
          "settledNodeCount": {
            "count": 24,
            "min": 273431,
            "max": 273431,
            "mean": 273431,
            "p50": 273431,
            "p95": 273431,
            "p99": 273431
          },
          "msPerSettledNode": 0.0006582502253084554,
          "cpuMs": {
            "count": 24,
            "min": 158.169,
            "max": 242.581,
            "mean": 175.13308333333336,