{
  "generatedAtIso": "2026-03-12T20:55:50.985Z",
  "graphPath": "/Users/benwheatley/Documents/Code/Isochrone/data_pipeline/output/graph-walk.bin",
  "graphStats": {
    "nNodes": 572987,
    "nEdges": 1420635,
    "epsgCode": 25833
  },
  "sampleCountRequested": 24,
  "seed": 1337,
  "results": [
    {
      "requestedMode": "walk",
      "modeMask": 1,
      "modeLabel": "walk",
      "sampleStats": {
        "nodeIndices": [
          432161,
          314856,
          157281,
          90960,
          366848,
          307433,
          378120,
          189908,
          388086,
          391960,
          272119,
          363555,
          338698,
          154999,
          291165,
          25131,
          287308,
          70283,
          557614,
          553997,
          162586,
          109870,
          555413,
          183094
        ],
        "requestedSampleCount": 24,
        "deliveredSampleCount": 24,
        "attempts": 33
      },
      "strategyResults": [
        {
          "runCount": 24,
          "heapStrategy": "decrease-key",
          "allowedModeMask": 1,
          "totalSettledNodes": 11486640,
          "wallMs": {
            "count": 24,
            "min": 284.97158312797546,
            "max": 3143.5066249370575,
            "mean": 549.3933282196522,
            "p50": 325.2868330478668,
            "p95": 1411.5942919254303,
            "p99": 1648.5938749313354
          },
          "setupWallMs": {
            "count": 24,
            "min": 1.447916030883789,
            "max": 17.947792053222656,
            "mean": 4.1426041424274445,
            "p50": 2.335582971572876,
            "p95": 7.2882080078125,
            "p99": 8.045166969299316
          },
          "expandWallMs": {
            "count": 24,
            "min": 283.15358304977417,
            "max": 3135.2828328609467,
            "mean": 545.1628489494324,
            "p50": 323.17983388900757,
            "p95": 1405.3332920074463,
            "p99": 1641.1868329048157
          },
          "settledNodeCount": {
            "count": 24,
            "min": 478610,
            "max": 478610,
            "mean": 478610,
            "p50": 478610,
            "p95": 478610,
            "p99": 478610
          },
          "msPerSettledNode": 0.0011390544471478498,
          "cpuMs": {
            "count": 24,
            "min": 246.638,
            "max": 496.121,
            "mean": 283.2659166666666,
            "p50": 265.763,
            "p95": 364.931,
            "p99": 394.681
          },
          "setupCpuMs": {
            "count": 24,
            "min": 1.372,
            "max": 6.916,
            "mean": 2.4067499999999993,
            "p50": 2.141,
            "p95": 3.016,
            "p99": 3.16
          },
          "expandCpuMs": {
            "count": 24,
            "min": 244.816,
            "max": 489.108,
            "mean": 280.8089166666667,
            "p50": 263.668,
            "p95": 362.697,
            "p99": 392.268
          }
        },
        {
          "runCount": 24,
          "heapStrategy": "duplicate-push",
          "allowedModeMask": 1,
          "totalSettledNodes": 11486640,
          "wallMs": {
            "count": 24,
            "min": 244.26637506484985,
            "max": 406.0752499103546,
            "mean": 303.6646926005681,
            "p50": 283.81391620635986,
            "p95": 379.7022080421448,
            "p99": 388.6503748893738
          },
          "setupWallMs": {
            "count": 24,
            "min": 0.8294589519500732,
            "max": 2.5170841217041016,
            "mean": 1.2203941941261292,
            "p50": 1.0963749885559082,
            "p95": 1.9038331508636475,
            "p99": 2.4524590969085693
          },
          "expandWallMs": {
            "count": 24,
            "min": 243.38641595840454,
            "max": 405.13849997520447,
            "mean": 302.4122343957424,
            "p50": 281.26608419418335,
            "p95": 378.3926248550415,
            "p99": 387.557333946228
          },
          "settledNodeCount": {
            "count": 24,
            "min": 478610,
            "max": 478610,
            "mean": 478610,
            "p50": 478610,
            "p95": 478610,
            "p99": 478610
          },
          "msPerSettledNode": 0.0006318552357780707,
          "cpuMs": {
            "count": 24,
            "min": 236.558,
            "max": 374.905,
            "mean": 265.91349999999994,
            "p50": 255.872,
            "p95": 280.562,
            "p99": 313.741
          },
          "setupCpuMs": {
            "count": 24,
            "min": 0.812,
            "max": 2.21,
            "mean": 1.1148749999999998,
            "p50": 0.992,
            "p95": 1.632,
            "p99": 2.048
          },
          "expandCpuMs": {
            "count": 24,
            "min": 235.686,
            "max": 373.825,
            "mean": 264.7779583333333,
            "p50": 254.691,
            "p95": 279.458,
            "p99": 312.814
          }
        }
      ]
    },
    {
      "requestedMode": "bike",
      "modeMask": 2,
      "modeLabel": "bike",
      "sampleStats": {
        "nodeIndices": [
          432161,
          314856,
          90960,
          378120,
          189908,
          388086,
          272119,
          363555,
          338698,
          291165,
          25131,
          287308,
          70283,
          557614,
          553997,
          162586,
          109870,
          555413,
          70797,
          160563,
          486451,
          107850,
          262737,
          297043
        ],
        "requestedSampleCount": 24,
        "deliveredSampleCount": 24,
        "attempts": 42
      },
      "strategyResults": [
        {
          "runCount": 24,
          "heapStrategy": "decrease-key",
          "allowedModeMask": 2,
          "totalSettledNodes": 7424640,
          "wallMs": {
            "count": 24,
            "min": 156.82137513160706,
            "max": 279.896999835968,
            "mean": 182.48057989279428,
            "p50": 169.55862498283386,
            "p95": 218.24524998664856,
            "p99": 226.42887496948242
          },
          "setupWallMs": {
            "count": 24,
            "min": 1.3281669616699219,
            "max": 3.1093339920043945,
            "mean": 1.8688506881395976,
            "p50": 1.7022500038146973,
            "p95": 2.3121659755706787,
            "p99": 3.0905840396881104
          },
          "expandWallMs": {
            "count": 24,
            "min": 155.23054099082947,
            "max": 277.5402081012726,
            "mean": 180.57656427224478,
            "p50": 168.04183411598206,
            "p95": 216.3197090625763,
            "p99": 224.88837480545044
          },
          "settledNodeCount": {
            "count": 24,
            "min": 309360,
            "max": 309360,
            "mean": 309360,
            "p50": 309360,
            "p95": 309360,
            "p99": 309360
          },
          "msPerSettledNode": 0.0005837101250072562,
          "cpuMs": {
            "count": 24,
            "min": 151.317,
            "max": 220.734,
            "mean": 169.13362500000002,
            "p50": 163.895,
            "p95": 195.797,
            "p99": 216.476
          },
          "setupCpuMs": {
            "count": 24,
            "min": 1.333,
            "max": 2.714,
            "mean": 1.7942083333333334,
            "p50": 1.691,
            "p95": 2.655,
            "p99": 2.672
          },
          "expandCpuMs": {
            "count": 24,
            "min": 149.733,
            "max": 218.94,
            "mean": 167.31637500000002,
            "p50": 161.781,
            "p95": 194.08,
            "p99": 214.099
          }
        },
        {
          "runCount": 24,
          "heapStrategy": "duplicate-push",
          "allowedModeMask": 2,