{
  "generated_at_utc": "2026-03-08T23:04:25.821247+00:00",
  "input": "data_pipeline/input/berlin-routing.osm.json",
  "way_count": 438877,
  "node_count": 1240433,
  "connector_count": 209214,
  "dropped_way_count": 0,
  "constraint_tag_presence": {
    "access": 44353,
    "foot": 57095,
    "oneway": 49610,
    "oneway:foot": 7,
    "bicycle": 32244,
    "cycleway": 6987,
    "oneway:bicycle": 4009,
    "motor_vehicle": 6146,
    "vehicle": 3788,
    "sidewalk": 22211,
    "junction": 184,
    "service": 88616,
    "surface": 310577,
    "tracktype": 5622,
    "maxspeed": 89856,
    "maxspeed:forward": 124,
    "maxspeed:backward": 113
  },
  "constraint_tag_coverage_ratio": {
    "access": 0.10106020593469241,
    "foot": 0.1300933974667162,
    "oneway": 0.11303850509368228,
    "oneway:foot": 1.594979914645789e-05,
    "bicycle": 0.07346933195405546,
    "cycleway": 0.015920178090900183,
    "oneway:bicycle": 0.009134677825449956,
    "motor_vehicle": 0.01400392365059003,
    "vehicle": 0.008631119880968928,
    "sidewalk": 0.05060871269171089,
    "junction": 0.0004192518632783217,
    "service": 0.20191534302321607,
    "surface": 0.707662967072779,
    "tracktype": 0.012809967257340895,
    "maxspeed": 0.20474073601487433,
    "maxspeed:forward": 0.0002825392991658255,
    "maxspeed:backward": 0.0002574753290785345
  }
}
